年份,16-24岁青年失业率(%),本科毕业半年月薪(元),受雇工作比例(%)
2010,,2815,82.6
2011,,3051,82.1
2012,,3366,81.2
2013,,3560,80.4
2014,,3773,79.2
2015,,4042,77.8
2016,,4376,77.3
2017,,4774,75.9
2018,10.8,5135,74.3
2019,11.9,5440,71.9
2020,14.2,5471,69.7
2021,14.3,5833,66.8
2022,17.6,5990,64.3
2023,,6050,59.3
2024,15.23,6199,60.5
